Position,Company,Location,URL
Senior Open Source Developer & DevOps (Python  Django  React  AWS/OpenStack),OpenCraft,Anywhere in the World,https://weworkremotely.com/remote-jobs/opencraft-senior-open-source-developer-devops-python-django-react-aws-openstack
Senior Infrastructure Engineer,IVPN,Anywhere in the World,https://weworkremotely.com/remote-jobs/ivpn-senior-infrastructure-engineer
Senior DevOps Engineer,Proxify AB,Anywhere in the World,https://weworkremotely.com/remote-jobs/proxify-ab-senior-devops-engineer
Database Reliability Engineer,Toggl,Anywhere in the World,https://weworkremotely.com/remote-jobs/toggl-database-reliability-engineer-1
Lead DevOps Engineer and Systems Administrator,Pictureworks Group Pty. Ltd.,Anywhere in the World,https://weworkremotely.com/remote-jobs/pictureworks-group-pty-ltd-lead-devops-engineer-and-systems-administrator
Software Engineer (C++),Sticker Mule,Anywhere in the World,https://weworkremotely.com/remote-jobs/sticker-mule-software-engineer-c
Senior Network Engineer (REMOTE),SystemOne  LLC,Asia Only,https://weworkremotely.com/remote-jobs/systemone-llc-senior-network-engineer-remote-1
Mentor - Cyber Security Career Track (Part-time/Remote),Springboard,Anywhere in the World,https://weworkremotely.com/remote-jobs/springboard-mentor-cyber-security-career-track-part-time-remote-2
Technical Writer (with Backstage.io experience),Draft.dev,Anywhere in the World,https://weworkremotely.com/remote-jobs/draft-dev-technical-writer-with-backstage-io-experience
DevOps Engineer - Americas ,amazee.io,Americas Only,https://weworkremotely.com/remote-jobs/amazee-io-devops-engineer-americas
Engineering Manager SRE,Magnolia International Ltd.,Anywhere in the World,https://weworkremotely.com/remote-jobs/magnolia-international-ltd-engineering-manager-sre
Data Engineer - US Remote,Knack,USA Only,https://weworkremotely.com/remote-jobs/knack-data-engineer-us-remote
DevOps Engineer  Security,Doximity,Americas Only,https://weworkremotely.com/remote-jobs/doximity-devops-engineer-security
Engineering Manager - US Remote,Knack,USA Only,https://weworkremotely.com/remote-jobs/knack-engineering-manager-us-remote
